GLAUX_TEXT_ID	AUTHOR_STANDARD	TITLE_STANDARD
1	Homer	Iliad
2	Homer	Odyssey
3	Homer	Epigrams
4	Epigoni	Epigoni
5	Oedipodea	Oedipodea
6	Thebaid	Thebaid
7	Eumelus	Fragment
9	Hesiod	Theogony
10	Hesiod	Works and Days
11	Hesiod	Shield
12	Hesiod	Fragments
13	Hesiod	Astronomical Fragments
14	Hesiod	Fragments
15	Hesiod	Fragment
18	Archilochus	Lyric Fragments
19	Archilochus	Epigrams
22	Cypria	Cypria
23	Little Iliad	Little Iliad
24	Sack of Ilium	Sack of Ilium
25	Homeric Hymns	Fragments of the Hymn to Bacchus
26	Homeric Hymns	To Venus
27	Homeric Hymns	To Diana
29	Mimnermus	Epigram
32	Terpander	Fragments
33	Titanomachia	Titanomachia
37	Alcmaeonis	Alcmaeonis
38	Aristeas	Epic Fragments
39	Aristoxenus	Fragment
41	Asius	Epic Fragments
43	Cleobulus	Epigrams
44	Danaïs or Danaïdes	Danaïs or Danaïdes
45	Returns	Returns
46	Homeric Hymns	To Venus
47	Homeric Hymns	To Bacchus
48	Homeric Hymns	To Venus
49	Homeric Hymns	To Minerva
50	Homeric Hymns	To Juno
51	Homeric Hymns	To Ceres
52	Homeric Hymns	To the Mother of the Gods
53	Homeric Hymns	To Aesculapius
54	Homeric Hymns	To the Dioscuri
55	Homeric Hymns	To Apollo
56	Homeric Hymns	To Neptune
57	Homeric Hymns	To Jupiter
58	Homeric Hymns	To Vesta
59	Homeric Hymns	To the Muses and Apollo
60	Homeric Hymns	To Bacchus
61	Homeric Hymns	To Diana
62	Homeric Hymns	To Minerva
63	Homeric Hymns	To Vesta
64	Homeric Hymns	To Mother Earth
66	Phoronis	Phoronis
67	Pisander	Heraclea
68	Pisander	Epigram
69	Pittacus	Fragment
70	Pittacus	Epigram
71	Homer	Margites
73	Sappho	Epigrams
76	Seven Sages	Maxims
77	Seven Sages	Precepts
82	Aegimius	Aegimius
85	Anacreon	Fragments
86	Anacreon	Epigrams
88	Apollodorus	Fragment
89	Bias	Fragment
90	Letter of Cleobulus	Letter
91	Cleobulina Writer of Riddles	Fragments
92	Cleostratus	Astrology
93	Demodocus	Fragments
94	Demodocus	Epigrams
95	Echembrotus	Fragment
96	Telegony	Telegony
97	Hipparchus	Fragments
99	Homeric Hymns	To Ceres
100	Homeric Hymns	To Apollo
101	Homeric Hymns	To Mercury
102	Homeric Hymns	To Hercules
103	Homeric Hymns	To Mercury
106	Lasus	Fragment
108	Naupactian Song	Naupactian Song
109	Pherecydes	Fragments
110	Phocylides	Maxims
111	Phocylides	Epigram
113	Periander	Letters
115	Thales	Fragments
116	Theognis	Elegies
117	Thespis	Fragments
118	Aeschylus	The Suppliants
119	Aeschylus	The Persians
120	Aeschylus	Prometheus Bound
121	Aeschylus	Seven Against Thebes
122	Aeschylus	Agamemnon
123	Aeschylus	The Libation Bearers
124	Aeschylus	The Eumenides
126	Aeschylus	Epigrams
127	Cydias	Fragment
128	Heraclitus	Fragments
129	Pigres	Fragment
130	Pindar	Olympian Odes
131	Pindar	Pythian Odes
132	Pindar	Nemean Odes
133	Pindar	Isthmian Odes
134	Pratinas	Fragments
135	Pythagoras	Golden Verses
136	Pythagoras	Fragments
137	Pythagoras	Fragments
138	Pythagoras	Fragments
139	Pythagoras	Fragments
140	Pythagoras	Astrological Fragments
141	Pythagoras	Epigram
142	Pythagoras	Astrological Fragments
145	Simonides	Epigrams
147	Tynnichus	Fragment
149	Xenophanes	Fragments
150	Xenophanes	Epigram
152	Antiphon	Against the Stepmother
153	Antiphon	First Tetralogy
154	Antiphon	Second Tetralogy
155	Antiphon	Third Tetralogy
156	Antiphon	On the Murder of Herodes
157	Antiphon	On the Choreutes
158	Bacchylides	Victory Songs
159	Bacchylides	Dithyrambs
160	Bacchylides	Epigrams
161	Song of Euripides	From Orestes Stasimon I
162	Empedocles	Epigram
163	Euripides	Cyclops
164	Euripides	Alcestis
165	Euripides	Medea
166	Euripides	Children of Heracles
167	Euripides	Hippolytus
168	Euripides	Andromache
169	Euripides	Hecuba
170	Euripides	The Suppliants
171	Euripides	Heracles
172	Euripides	Ion
173	Euripides	The Trojan Women
174	Euripides	Electra
175	Euripides	Iphigenia in Tauris
176	Euripides	Helen
177	Euripides	The Phoenician Women
178	Euripides	Orestes
179	Euripides	The Bacchae
180	Euripides	Iphigenia in Aulis
181	Euripides	Rhesus
182	Euripides	Epigrams
183	Herodotus	Histories
184	Homeric Hymns	To Pan
185	Homeric Hymns	To Vulcan
186	Homeric Hymns	To the Sun
187	Homeric Hymns	To the Moon
188	Homeric Hymns	To the Dioscuri
189	Chersias	Epic Fragment
190	Pseudo-Xenophon	Constitution of the Athenians
191	Simon (Writer on Horsemanship)	On the Form and Selection of Horses
192	Sophocles	The Women of Trachis
193	Sophocles	Antigone
194	Sophocles	Ajax
195	Sophocles	Oedipus the King
196	Sophocles	Electra
197	Sophocles	Philoctetes
198	Sophocles	Oedipus at Colonus
199	Sophocles	Fragments
200	Thucydides	History
201	Thucydides	Epigram
202	Timocreon	Epigram
203	Andocides	On the Mysteries
204	Andocides	On his Return
205	Andocides	On the Peace
206	Andocides	Against Alcibiades
207	Antimachus	Epigram
208	Antisthenes	Declamations
209	Antisthenes	Various Fragments
210	Aristophanes	The Acharnians
211	Aristophanes	The Knights
212	Aristophanes	The Clouds
213	Aristophanes	The Wasps
214	Aristophanes	Peace
215	Aristophanes	The Birds
216	Aristophanes	Lysistrata
217	Aristophanes	The Women at the Thesmophoria
218	Aristophanes	The Frogs
219	Aristophanes	The Assembly Women
220	Aristophanes	Wealth
221	Gorgias	Testimony
222	Gorgias	Testimonies
223	Gorgias	Testimonies
224	Hippocrates and the Hippocratic Corpus	On Ancient Medicine
225	Hippocrates and the Hippocratic Corpus	On Airs, Waters, and Places
226	Hippocrates and the Hippocratic Corpus	Prognostic
227	Hippocrates and the Hippocratic Corpus	On Regimen in Acute Diseases
228	Hippocrates and the Hippocratic Corpus	On Acute Diseases
229	Hippocrates and the Hippocratic Corpus	On Epidemics
230	Hippocrates and the Hippocratic Corpus	On Head Wounds
231	Hippocrates and the Hippocratic Corpus	On the Surgery
232	Hippocrates and the Hippocratic Corpus	On Fractures
233	Hippocrates and the Hippocratic Corpus	On Joints
234	Hippocrates and the Hippocratic Corpus	Instruments of Reduction
235	Hippocrates and the Hippocratic Corpus	Aphorisms
236	Hippocrates and the Hippocratic Corpus	The Oath
237	Hippocrates and the Hippocratic Corpus	The Law
238	Hippocrates and the Hippocratic Corpus	On Humors
239	Hippocrates and the Hippocratic Corpus	Prorrhetic
240	Hippocrates and the Hippocratic Corpus	Coan Prenotions
241	Hippocrates and the Hippocratic Corpus	On the Art
242	Hippocrates and the Hippocratic Corpus	On the Nature of Man
243	Hippocrates and the Hippocratic Corpus	On Regimen in Health
244	Hippocrates and the Hippocratic Corpus	On Breaths
245	Hippocrates and the Hippocratic Corpus	On the Use of Liquids
246	Hippocrates and the Hippocratic Corpus	On Diseases I-III
247	Hippocrates and the Hippocratic Corpus	On Generation, On the Nature of the Child, On Diseases IV
248	Hippocrates and the Hippocratic Corpus	On Generation, On the Nature of the Child, On Diseases IV
249	Hippocrates and the Hippocratic Corpus	On Affections
250	Hippocrates and the Hippocratic Corpus	On Places in Man
251	Hippocrates and the Hippocratic Corpus	On the Sacred Disease
252	Hippocrates and the Hippocratic Corpus	On Ulcers
253	Hippocrates and the Hippocratic Corpus	On Hemorrhoids
254	Hippocrates and the Hippocratic Corpus	On Fistulas
255	Hippocrates and the Hippocratic Corpus	On Regimen I-IV
256	Hippocrates and the Hippocratic Corpus	On Internal Affections
257	Hippocrates and the Hippocratic Corpus	On the Nature of Women
258	Hippocrates and the Hippocratic Corpus	On Seven-Month Birth
259	Hippocrates and the Hippocratic Corpus	On Eight-Month Birth
260	Hippocrates and the Hippocratic Corpus	On Diseases of Women I-III
261	Hippocrates and the Hippocratic Corpus	On Diseases of Young Women
262	Hippocrates and the Hippocratic Corpus	On Superfetation
263	Hippocrates and the Hippocratic Corpus	On Excision of the Fetus
264	Hippocrates and the Hippocratic Corpus	On Anatomy
265	Hippocrates and the Hippocratic Corpus	On Dentition
266	Hippocrates and the Hippocratic Corpus	On Glands
267	Hippocrates and the Hippocratic Corpus	On Flesh
269	Hippocrates and the Hippocratic Corpus	On the Heart
270	Hippocrates and the Hippocratic Corpus	On Nutriment
271	Hippocrates and the Hippocratic Corpus	On Vision
272	Hippocrates and the Hippocratic Corpus	On the Nature of Bones
273	Hippocrates and the Hippocratic Corpus	On the Physician
274	Hippocrates and the Hippocratic Corpus	On Decorum
275	Hippocrates and the Hippocratic Corpus	Precepts
276	Hippocrates and the Hippocratic Corpus	On Crisis
277	Hippocrates and the Hippocratic Corpus	On Critical Days
279	Hippocrates and the Hippocratic Corpus	Letters
282	Isaeus	On the Estate of Cleonymus
283	Isaeus	On the Estate of Menecles
284	Isaeus	On the Estate of Pyrrhus
285	Isaeus	On the Estate of Nicostratus
286	Isaeus	On the Estate of Dicaeogenes
287	Isaeus	On the Estate of Philoctemon
288	Isaeus	On the Estate of Apollodorus
289	Isaeus	On the Estate of Ciron
290	Isaeus	On the Estate of Astyphilus
291	Isaeus	On the Estate of Aristarchus
292	Isaeus	On the Estate of Hagnias
293	Isaeus	For Euphiletus
294	Isocrates	Against Euthynus
295	Isocrates	Against Callimachus
296	Isocrates	Against Lochites
297	Isocrates	On the Team of Horses
298	Isocrates	Trapeziticus
299	Isocrates	Aegineticus
300	Isocrates	To Demonicus
301	Isocrates	Against the Sophists
302	Isocrates	Helen
303	Isocrates	Busiris
304	Isocrates	Panegyricus
305	Isocrates	Plataicus
306	Isocrates	To Nicocles
307	Isocrates	Nicocles
308	Isocrates	Evagoras
309	Isocrates	Archidamus
310	Isocrates	On the Peace
311	Isocrates	Areopagiticus
312	Isocrates	Antidosis
313	Isocrates	Philip
314	Isocrates	Panathenaicus
315	Isocrates	To Dionysius
316	Isocrates	To the Children of Jason
317	Isocrates	To Archidamus
318	Isocrates	To the Rulers of Mytilene
319	Isocrates	To Timothy
320	Isocrates	To Philip
321	Isocrates	To Alexander
322	Isocrates	To Antipater
323	Isocrates	To Philip
324	Lysias	On the Murder of Eratosthenes
325	Lysias	Funeral Oration
326	Lysias	Against Simon
327	Lysias	On Wounding with Premeditation
328	Lysias	For Callias
329	Lysias	Against Andocides
330	Lysias	On the Areopagus
331	Lysias	Against Evil-Speaking Associates
332	Lysias	For the Soldier
333	Lysias	Against Theomnestus 1
334	Lysias	Against Theomnestus 2
335	Lysias	Against Eratosthenes
336	Lysias	Against Agoratus
337	Lysias	Against Alcibiades 1
338	Lysias	Against Alcibiades 2
339	Lysias	For Mantitheus
340	Lysias	On the Property of Eraton
341	Lysias	On the Confiscation of the Property of Nicias' Brother
342	Lysias	On the Property of Aristophanes
343	Lysias	For Polystratus
344	Lysias	Defense Against a Charge of Taking Bribes
345	Lysias	Against the Grain Dealers
346	Lysias	Against Pancleon
347	Lysias	For the Disabled Man
348	Lysias	Defense Against Subversion of the Democracy
349	Lysias	On the Scrutiny of Evandros
350	Lysias	Against Epicrates
351	Lysias	Against Ergocles
352	Lysias	Against Philocrates
353	Lysias	Against Nicomachus
354	Lysias	Against Philon
355	Lysias	Against Diogeiton
356	Lysias	Olympic Oration
357	Lysias	On Not Abolishing the Ancestral Constitution of Athens
360	Parrhasius	Epigrams
361	Plato	Euthyphro
362	Plato	Apology of Socrates
363	Plato	Crito
364	Plato	Phaedo
365	Plato	Cratylus
366	Plato	Theaetetus
367	Plato	Sophist
368	Plato	Statesman
369	Plato	Parmenides
370	Plato	Philebus
371	Plato	Symposium
372	Plato	Phaedrus
373	Plato	Alcibiades 1
374	Plato	Alcibiades 2
375	Plato	Hipparchus
376	Plato	The Lovers
377	Plato	Theages
378	Plato	Charmides
379	Plato	Laches
380	Plato	Lysis
381	Plato	Euthydemus
382	Plato	Protagoras
383	Plato	Gorgias
384	Plato	Meno
385	Plato	Greater Hippias
386	Plato	Lesser Hippias
387	Plato	Ion
388	Plato	Menexenus
389	Plato	Clitophon
390	Plato	Republic
391	Plato	Timaeus
392	Plato	Critias
393	Plato	Minos
394	Plato	Laws
395	Plato	Epinomis
396	Plato	Letters
397	Plato the Comic Poet	Epigram
399	Scylax	Periplus of Scylax
400	Xenophon	Hellenica
401	Xenophon	Memorabilia
402	Xenophon	Economics
403	Xenophon	Symposium
404	Xenophon	Apology of Socrates
405	Xenophon	Anabasis
406	Xenophon	Education of Cyrus
407	Xenophon	Hiero
408	Xenophon	Agesilaus
409	Xenophon	Constitution of the Spartans
410	Xenophon	On Revenues
411	Xenophon	Cavalry Commander
412	Xenophon	On Horsemanship
413	Xenophon	On Hunting
414	Aeneas	On Siege Defense
415	Aeschines	Against Timarchus
416	Aeschines	On the False Embassy
417	Aeschines	Against Ctesiphon
418	Aeschines	Letters
419	Aeschrion	Epigram
420	Anaximenes	Art of Rhetoric or Rhetoric to Alexander
421	Anonymous Hymn of the Curetes	Hymn of the Curetes
422	Aristotle and the Aristotelian Corpus	Prior and Posterior Analytics
423	Aristotle and the Aristotelian Corpus	On the Soul
424	Aristotle and the Aristotelian Corpus	Constitution of the Athenians
426	Aristotle and the Aristotelian Corpus	On the Heavens
427	Aristotle and the Aristotelian Corpus	Categories
428	Aristotle and the Aristotelian Corpus	On Colors
429	Aristotle and the Aristotelian Corpus	On Divination in Sleep
430	Aristotle and the Aristotelian Corpus	Eudemian Ethics
431	Aristotle and the Aristotelian Corpus	Nicomachean Ethics
432	Aristotle and the Aristotelian Corpus	Letters
433	Aristotle and the Aristotelian Corpus	On the Generation of Animals
434	Aristotle and the Aristotelian Corpus	On Generation and Corruption
435	Aristotle and the Aristotelian Corpus	History of Animals
436	Aristotle and the Aristotelian Corpus	On the Movement of Animals
437	Aristotle and the Aristotelian Corpus	On Dreams
438	Aristotle and the Aristotelian Corpus	On Interpretation
439	Aristotle and the Aristotelian Corpus	On Youth and Old Age, On Life and Death
441	Aristotle and the Aristotelian Corpus	On Length and Shortness of Life
442	Aristotle and the Aristotelian Corpus	On the Motion of Animals
443	Aristotle and the Aristotelian Corpus	Great Ethics
444	Aristotle and the Aristotelian Corpus	Mechanics
445	Aristotle and the Aristotelian Corpus	On Memory and Recollection
446	Aristotle and the Aristotelian Corpus	Metaphysics
447	Aristotle and the Aristotelian Corpus	Meteorology
448	Aristotle and the Aristotelian Corpus	On Marvelous Things Heard
449	Aristotle and the Aristotelian Corpus	On the Universe
450	Aristotle and the Aristotelian Corpus	Economics
451	Aristotle and the Aristotelian Corpus	On the Parts of Animals
452	Aristotle and the Aristotelian Corpus	Physics
453	Aristotle and the Aristotelian Corpus	Physiognomics
454	Aristotle and the Aristotelian Corpus	Protrepticus
455	Aristotle and the Aristotelian Corpus	Poetics
456	Aristotle and the Aristotelian Corpus	Politics
457	Aristotle and the Aristotelian Corpus	Problems
458	Aristotle and the Aristotelian Corpus	On Respiration
459	Aristotle and the Aristotelian Corpus	Rhetoric
460	Aristotle and the Aristotelian Corpus	On Plants [Spurious]
461	Aristotle and the Aristotelian Corpus	Sophistical Refutations
462	Aristotle and the Aristotelian Corpus	On Sense and Sensible Objects
463	Aristotle and the Aristotelian Corpus	On Sleep and Waking
464	Aristotle and the Aristotelian Corpus	On Breath
465	Aristotle and the Aristotelian Corpus	Topics
466	Aristotle and the Aristotelian Corpus	On Virtues and Vices
468	Aristotle and the Aristotelian Corpus	On Xenophanes, Zeno and Gorgias
469	Aristotle and the Aristotelian Corpus	Aristotelian Divisions
470	Aristotle and the Aristotelian Corpus	On the Soul
471	Aristotle and the Aristotelian Corpus	Alternative Text of Physics Book 7
473	Aristoxenus	Elements of Rhythm
474	Autolycus	On the Moving Sphere
475	Autolycus	On Risings and Settings
476	Demades	Fragments
477	Demosthenes	First Olynthiac
478	Demosthenes	Second Olynthiac
479	Demosthenes	Third Olynthiac
480	Demosthenes	First Philippic
481	Demosthenes	On the Peace
482	Demosthenes	Second Philippic
483	Demosthenes	On the Halonnesus
484	Demosthenes	On the Chersonese
485	Demosthenes	Third Philippic
486	Demosthenes	Fourth Philippic
487	Demosthenes	On Philip's Letter
488	Demosthenes	Philip's Letter
489	Demosthenes	On Organization
490	Demosthenes	On the Navy Boards
491	Demosthenes	On the Liberty of the Rhodians
492	Demosthenes	For the Megalopolitans
493	Demosthenes	On the Treaty with Alexander
494	Demosthenes	On the Crown
495	Demosthenes	On the False Embassy
496	Demosthenes	Against Leptines
497	Demosthenes	Against Meidias
498	Demosthenes	Against Androtion
499	Demosthenes	Against Aristocrates
500	Demosthenes	Against Timocrates
501	Demosthenes	Against Aristogeiton 1
502	Demosthenes	Against Aristogeiton 2
503	Demosthenes	Against Aphobus 1
504	Demosthenes	Against Aphobus 2
505	Demosthenes	Against Aphobus
506	Demosthenes	Against Onetor 1
507	Demosthenes	Against Onetor 2
508	Demosthenes	Against Zenothemis
509	Demosthenes	Against Apaturius
510	Demosthenes	Against Phormio
511	Demosthenes	Against Lacritus
512	Demosthenes	For Phormio
513	Demosthenes	Against Pantaenetus
514	Demosthenes	Against Nausimachus and Xenopeithes
515	Demosthenes	Against Boeotus 1
516	Demosthenes	Against Boeotus 2
517	Demosthenes	Against Spudias
518	Demosthenes	Against Phaenippus
519	Demosthenes	Against Macartatus
520	Demosthenes	Against Leochares
521	Demosthenes	Against Stephanus 1
522	Demosthenes	Against Stephanus 2
523	Demosthenes	Against Evergus and Mnesibulus
524	Demosthenes	Against Olympiodorus
525	Demosthenes	Against Timotheus
526	Demosthenes	Against Polycles
527	Demosthenes	On the Naval Crown
528	Demosthenes	Against Callippus
529	Demosthenes	Against Nicostratus
530	Demosthenes	Against Conon
531	Demosthenes	Against Callicles
532	Demosthenes	Against Dionysodorus
533	Demosthenes	Against Eubulides
534	Demosthenes	Against Theocrines
535	Demosthenes	Against Neaera
536	Demosthenes	Funeral Speech
537	Demosthenes	Erotic Essay
538	Demosthenes	Preambles
539	Demosthenes	Letters
540	Erinna	Epigrams
547	Hyperides	Against Demosthenes
548	Hyperides	For Lycophron
549	Hyperides	For Euxenippus
550	Hyperides	Against Philippides
551	Hyperides	Against Athenogenes
552	Hyperides	Funeral Speech
553	Lycurgus	Speech Against Leocrates
556	Palaephatus	On Unbelievable Tales
557	Periplus of Hanno	Periplus of Hanno
563	Speusippus	Epigram
564	Crates	Epigrams
565	Alexander	Epigrams
566	Letter of Antigonus	Letter
567	Aratus	Phenomena
568	Aratus	Fragment
569	Aristarchus	On the Sizes and Distances of the Sun and Moon
570	Callimachus	Epigrams
571	Callimachus	Epigrams
572	Callimachus	Causes
580	Callimachus	Hymn to Zeus
581	Callimachus	Hymn to Apollo
582	Callimachus	Hymn to Artemis
583	Callimachus	Hymn to Delos
584	Callimachus	On the Bath of Pallas
585	Callimachus	Hymn to Demeter
586	Dinarchus	Against Demosthenes
587	Dinarchus	Against Aristogeiton
588	Dinarchus	Against Philocles
594	Lycophron	Alexandra
630	Menander	Sayings from Byzantine Manuscripts
631	Menander	Sayings from Byzantine Manuscripts
632	Menander	Sayings from Byzantine Manuscripts
633	Menander	Epigrams
635	Moero	Epigrams
636	Philemon	Epigram
638	Pseudo-Plato	Definitions
639	Simias	Epigrams
640	Theocritus	Idylls
641	Theocritus	Epigrams
642	Theocritus	Epigrams
649	Theophrastus	Characters
650	Theophrastus	Fragments
651	Theophrastus	Fragments
654	Timon	Epigrams
655	Antagoras	Epigrams
656	Antagoras	Epigrams
657	Antigonus	Collection of Marvelous Tales
658	Antigonus	Epigram
659	Letters of King Antiochus	Letters
661	Apollonius Rhodius	Argonautica
662	Archelaus	Epigram
663	Archimedes	On the Sphere and Cylinder
664	Archimedes	Measurement of a Circle
665	Archimedes	On Conoids and Spheroids
666	Archimedes	On Spirals
667	Archimedes	On the Equilibrium of Planes
668	Archimedes	The Sand Reckoner
669	Archimedes	Quadrature of the Parabola
671	Archimedes	Stomachion
672	Archimedes	The Method
673	Archimedes	Book of Lemmas
674	Archimedes	The Cattle Problem
675	Archimedes	Fragments
676	Archimelus	Epigram
677	Letter of Aristeas	Letter of Aristeas to Philocrates
680	Asclepiades	Epigrams
681	Diotimus	Epigrams
682	Dorieus the Poet	Epigram
683	Euclid	Elements
685	Euclid	Data
687	Euclid	Theon's Recension of the Optics
688	Euclid	Catoptrics
689	Euclid	Phenomena
690	Euclid	Phenomena
691	Euclid	Phenomena
692	Euclid	Division of the Canon
693	Euclid	Epigram
694	Euphorion	Epigrams
695	Hedylus	Epigrams
696	Hegemon	Epigram
697	Heraclides Criticus	Description of Greece
707	Melissa	Fragment of Letter to Cleareta
708	Nicaenetus	Epigrams
709	Nicias	Epigrams
711	Phaedimus	Epigrams
712	Posidippus	Epigrams
715	Lysis	Letter to Hipparchus
717	Plato	Epigrams
718	Rhianus	Epigrams
720	Septuagint	Genesis
721	Septuagint	Exodus
722	Septuagint	Leviticus
723	Septuagint	Numbers
724	Septuagint	Deuteronomy
725	Theodoridas	Epigrams
728	Bolus	On Sympathies and Antipathies
729	Bolus	Physical and Mystical Matters
730	Bolus	To Leucippe
731	Dosiadas	The Altar
733	Myia	Letter to Phyllis
736	Nicander	Epigrams
737	Pancrates	Epigrams
740	Polybius	Histories
742	Agatharchides	On the Erythraean Sea
743	Apollonius	Wondrous Tales
744	Bion	Lament for Adonis
745	Bion	Wedding Song of Achilles and Deidamia
746	Bion	Fragments
747	Dionysius Thrax	Art of Grammar
751	Hipparchus	Commentary on the Phenomena of Aratus and Eudoxus in Three Books
757	Melinno	To Rome
758	Moschus	Love the Runaway
759	Moschus	Europa
760	Moschus	Lament for Bion
761	Moschus	Megara
762	Moschus	Fragments
763	Moschus	Epigrams
767	Seleucus	Merry Songs
769	Septuagint	Joshua
770	Septuagint	Judges
771	Septuagint	Ruth
772	Septuagint	1 Kings
773	Septuagint	2 Kings
774	Septuagint	3 Kings
775	Septuagint	4 Kings
776	Septuagint	1 Chronicles
777	Septuagint	2 Chronicles
778	Septuagint	Esther
779	Septuagint	Judith
780	Septuagint	Tobit
781	Septuagint	Tobit
782	Septuagint	1 Maccabees
783	Septuagint	2 Maccabees
784	Septuagint	Psalms
785	Septuagint	Odes
786	Septuagint	Proverbs
787	Septuagint	Ecclesiastes
788	Septuagint	Song of Songs
789	Septuagint	Job
790	Septuagint	Sirach
791	Septuagint	Psalms of Solomon
792	Septuagint	Hosea
793	Septuagint	Amos
794	Septuagint	Micah
795	Septuagint	Joel
796	Septuagint	Obadiah
797	Septuagint	Jonah
798	Septuagint	Nahum
799	Septuagint	Habakkuk
800	Septuagint	Zephaniah
801	Septuagint	Haggai
802	Septuagint	Zechariah
803	Septuagint	Malachi
804	Septuagint	Isaiah
805	Septuagint	Jeremiah
806	Septuagint	Baruch
807	Septuagint	Lamentations
808	Septuagint	Letter of Jeremiah
809	Septuagint	Ezekiel
810	Septuagint	Susanna
811	Septuagint	Susanna
812	Septuagint	Daniel
813	Septuagint	Daniel
814	Septuagint	Bel and the Dragon
815	Septuagint	Bel and the Dragon
816	Aulus Licinius Archias	Epigram
817	Battle of Frogs and Mice	Battle of Frogs and Mice
819	Book of Jubilees	Fragments
821	Asclepiodotus	Tactics
823	Letters of Brutus	Letters
825	Didymus the Writer on Measurements	Measurements of Marble and Wood
826	Diodorus	Epigrams
827	Diodorus Siculus	Historical Library
830	Dionysius of Halicarnassus	Roman Antiquities
831	Dionysius of Halicarnassus	On the Ancient Orators
832	Dionysius of Halicarnassus	On Lysias
833	Dionysius of Halicarnassus	On Isocrates
834	Dionysius of Halicarnassus	On Isaeus
835	Dionysius of Halicarnassus	On the Style of Demosthenes
836	Dionysius of Halicarnassus	To Ammaeus
837	Dionysius of Halicarnassus	On Dinarchus
838	Dionysius of Halicarnassus	On Thucydides
839	Dionysius of Halicarnassus	On the Characteristics of Thucydides
840	Dionysius of Halicarnassus	On Literary Composition
843	Dionysius of Halicarnassus	Letter to Pompeius Geminus
845	Geminus	Introduction to Astronomy
849	Ninus	Ninus
850	Ninus	Ninus
852	Parthenius	Love Stories
855	Pseudo-Scymnus	To King Nicomedes, vv. 1-980
856	Pseudo-Scymnus	To King Nicomedes, vv. 722-1026
857	Septuagint	1 Esdras
858	Septuagint	3 Maccabees
859	Septuagint	Wisdom of Solomon
863	Tryphon II	On Tropes
865	Boethus	Epigram
866	Dorotheus	Other Ancient Fragments
874	Philo Judaeus	On the Creation of the World
876	Philo Judaeus	On the Cherubim
877	Philo Judaeus	On the Sacrifices of Abel and Cain
878	Philo Judaeus	That the Worse Attacks the Better
879	Philo Judaeus	On the Posterity of Cain
880	Philo Judaeus	On the Giants
881	Philo Judaeus	That God is Unchangeable
882	Philo Judaeus	On Agriculture
884	Philo Judaeus	On Drunkenness
885	Philo Judaeus	On Sobriety
886	Philo Judaeus	On the Confusion of Tongues
888	Philo Judaeus	Who is the Heir of Divine Things
889	Philo Judaeus	On the Preliminary Studies
890	Philo Judaeus	On Flight and Finding
891	Philo Judaeus	On the Change of Names
892	Philo Judaeus	On Dreams
893	Philo Judaeus	On Abraham
894	Philo Judaeus	On Joseph
895	Philo Judaeus	On the Life of Moses
896	Philo Judaeus	On the Decalogue
898	Philo Judaeus	On the Virtues
899	Philo Judaeus	On Rewards and Punishments
900	Philo Judaeus	Every Good Man is Free
901	Philo Judaeus	On the Contemplative Life
903	Philo Judaeus	Against Flaccus
904	Philo Judaeus	Embassy to Gaius
905	Strabo	Geography
906	Aglaïs	Against Incipient Cataracts
907	Anacreontea	Anacreontea
908	Anonymous Flute Song	Anonymous Flute Song
912	Anubion	Fragments
913	Apocalypse of Adam	Day and Night
917	Letters of Brutus and Mithridates	Letter
920	Clement of Rome	First Letter to the Corinthians
922	Comarius	On the Philosophers' Stone
924	Pedanius Dioscorides	On Medical Materials
928	Epitaph of Sicilus	Epitaph of Sicilus
930	Flavius Josephus	Jewish Antiquities
931	Flavius Josephus	Life of Josephus
932	Flavius Josephus	Against Apion
933	Flavius Josephus	The Jewish War
935	Hero	Pneumatics
936	Hero	On Automata
937	Hero	Fragments of Mechanics
938	Hero	Catoptrics
939	Hero	Metrics
940	Hero	Dioptra
943	Hero	Stereometrics
944	Hero	On Measures
945	Hero	Artillery
947	Hero	Fragments of Hero
950	Longinus	On the Sublime
953	New Testament	Gospel According to Matthew
954	New Testament	Gospel According to Mark
955	New Testament	Gospel According to Luke
956	New Testament	Gospel According to John
957	New Testament	Acts of the Apostles
958	New Testament	Letter of Paul to the Romans
959	New Testament	First Letter of Paul to the Corinthians
960	New Testament	Second Letter of Paul to the Corinthians
961	New Testament	Letter of Paul to the Galatians
962	New Testament	Letter of Paul to the Ephesians
963	New Testament	Letter of Paul to the Philippians
964	New Testament	Letter of Paul to the Colossians
965	New Testament	First Letter of Paul to the Thessalonians
966	New Testament	Second Letter of Paul to the Thessalonians
967	New Testament	First Letter of Paul to Timothy
968	New Testament	Second Letter of Paul to Timothy
969	New Testament	Letter of Paul to Titus
970	New Testament	Letter of Paul to Philemon
971	New Testament	Letter to the Hebrews
972	New Testament	Letter of James
973	New Testament	First Letter of Peter
974	New Testament	Second Letter of Peter
975	New Testament	First Letter of John
976	New Testament	Second Letter of John
977	New Testament	Third Letter of John
978	New Testament	Letter of Jude
979	New Testament	Revelation of John
980	Onasander	The General
983	Pseudo-Cebes	The Tablet of Cebes
985	Res Gestae of Divine Augustus	The Achievements
986	Septuagint	4 Maccabees
988	Testament of Abraham	Testament of Abraham
989	Testament of Abraham	Testament of Abraham
990	Teucer	On the Twelve Signs
996	Life of Adam and Eve	Life of Adam and Eve
998	Lives of Aesop	Life (Planudean or Accursian Version)
999	Lives of Aesop	Life
1000	Lives of Aesop	Book of Fables of Aesop, Illustrating from Irrational Animals the Actions of Human Nature
1001	Lives of Aesop	Life G (from MS 397 of the Pierpont Morgan Library)
1004	Ammonius	On Similar and Different Words
1008	Antonius Diogenes	On Incredible Things
1011	Apocalypse of Esdras	Apocalypse of Esdras
1013	Apollonius	Homeric Lexicon
1015	Appian	Roman History: Book on the Kings
1016	Appian	Roman History: Italian Wars
1017	Appian	Roman History: Samnite Wars
1018	Appian	Roman History: Celtic Wars
1019	Appian	Roman History: Sicilian Wars
1020	Appian	Roman History: Spanish Wars
1021	Appian	Roman History: Hannibalic War
1022	Appian	Roman History: Punic Wars
1023	Appian	Roman History: Numidian Affairs
1024	Appian	Roman History: Macedonian Affairs
1025	Appian	Roman History: Illyrian Wars
1026	Appian	Roman History: Syrian Wars
1027	Appian	Roman History: Mithridatic Wars
1029	Appian	Civil Wars
1030	Flavius Arrianus	Anabasis of Alexander
1031	Flavius Arrianus	Indica
1032	Flavius Arrianus	On Hunting
1033	Flavius Arrianus	Periplus of the Euxine Sea
1034	Flavius Arrianus	Tactics
1035	Flavius Arrianus	Array against the Alans
1036	Flavius Arrianus	Letter to Lucius Gellius
1037	Letter of Barnabas	Letter of Barnabas
1039	Dio Chrysostom	Orations
1040	Dio Chrysostom	Praise of Hair
1041	Epictetus	Discourses
1042	Epictetus	Manual
1043	Epictetus	Fragments from the Discourses
1044	Epictetus	Collection of Sayings
1045	Epictetus	Collection of Sayings
1047	Harpocration	Lexicon of the Ten Orators
1049	Heraclitus	On Incredible Things
1053	Periplus of the Erythraean Sea	Anonymous (attributed to Arrian) Periplus of the Erythraean Sea
1054	Plutarch	Theseus
1055	Plutarch	Romulus
1056	Plutarch	Comparison of Theseus and Romulus
1057	Plutarch	Lycurgus
1058	Plutarch	Numa
1059	Plutarch	Comparison of Lycurgus and Numa
1060	Plutarch	Solon
1061	Plutarch	Publicola
1062	Plutarch	Comparison of Solon and Publicola
1063	Plutarch	Themistocles
1064	Plutarch	Camillus
1065	Plutarch	Pericles
1066	Plutarch	Fabius Maximus
1067	Plutarch	Comparison of Pericles and Fabius Maximus
1068	Plutarch	Alcibiades
1069	Plutarch	Coriolanus
1070	Plutarch	Comparison of Alcibiades and Coriolanus
1071	Plutarch	Timoleon
1072	Plutarch	Aemilius Paulus
1073	Plutarch	Comparison of Aemilius Paulus and Timoleon
1074	Plutarch	Pelopidas
1075	Plutarch	Marcellus
1076	Plutarch	Comparison of Pelopidas and Marcellus
1077	Plutarch	Aristides
1078	Plutarch	Cato the Elder
1079	Plutarch	Comparison of Aristides and Cato
1080	Plutarch	Philopoemen
1081	Plutarch	Flamininus
1082	Plutarch	Comparison of Philopoemen and Flamininus
1083	Plutarch	Pyrrhus
1084	Plutarch	Marius
1085	Plutarch	Lysander
1086	Plutarch	Sulla
1087	Plutarch	Comparison of Lysander and Sulla
1088	Plutarch	Cimon
1089	Plutarch	Lucullus
1090	Plutarch	Comparison of Cimon and Lucullus
1091	Plutarch	Nicias
1092	Plutarch	Crassus
1093	Plutarch	Comparison of Nicias and Crassus
1094	Plutarch	Eumenes
1095	Plutarch	Sertorius
1096	Plutarch	Comparison of Eumenes and Sertorius
1097	Plutarch	Agesilaus
1098	Plutarch	Pompey
1099	Plutarch	Comparison of Agesilaus and Pompey
1100	Plutarch	Alexander
1101	Plutarch	Caesar
1102	Plutarch	Phocion
1103	Plutarch	Cato the Younger
1104	Plutarch	Agis and Cleomenes
1105	Plutarch	Agis and Cleomenes
1106	Plutarch	Tiberius and Gaius Gracchus
1107	Plutarch	Tiberius and Gaius Gracchus
1108	Plutarch	Comparison of Agis and Cleomenes with Tiberius and Gaius Gracchus
1109	Plutarch	Demosthenes
1110	Plutarch	Cicero
1111	Plutarch	Comparison of Demosthenes and Cicero
1112	Plutarch	Demetrius
1113	Plutarch	Antony
1114	Plutarch	Comparison of Demetrius and Antony
1115	Plutarch	Dion
1116	Plutarch	Brutus
1117	Plutarch	Comparison of Dion and Brutus
1118	Plutarch	Aratus
1119	Plutarch	Artaxerxes
1120	Plutarch	Galba
1121	Plutarch	Otho
1122	Plutarch	On the Education of Children
1123	Plutarch	How the Young Man Should Study Poetry
1124	Plutarch	On Listening to Lectures
1125	Plutarch	How to Tell a Flatterer from a Friend
1126	Plutarch	How a Man May Become Aware of His Progress in Virtue
1127	Plutarch	How to Profit by One's Enemies
1128	Plutarch	On Having Many Friends
1129	Plutarch	On Fortune
1130	Plutarch	On Virtue and Vice
1131	Plutarch	Consolation to Apollonius
1132	Plutarch	Advice about Keeping Well
1133	Plutarch	Advice to Bride and Groom
1134	Plutarch	Dinner of the Seven Wise Men
1135	Plutarch	On Superstition
1136	Plutarch	Sayings of Kings and Commanders
1137	Plutarch	Sayings of Spartans
1138	Plutarch	Sayings of Spartans
1139	Plutarch	Sayings of Spartans
1140	Plutarch	Bravery of Women
1141	Plutarch	Roman Questions and Greek Questions
1142	Plutarch	Roman Questions and Greek Questions
1143	Plutarch	Greek and Roman Parallel Stories
1144	Plutarch	On the Fortune of the Romans
1145	Plutarch	On the Fortune or Virtue of Alexander
1146	Plutarch	On the Glory of Athens
1147	Plutarch	On Isis and Osiris
1148	Plutarch	On the E at Delphi
1149	Plutarch	On the Oracles at Delphi
1150	Plutarch	On the Obsolescence of Oracles
1151	Plutarch	Whether Virtue Can Be Taught
1152	Plutarch	On Moral Virtue
1153	Plutarch	On the Control of Anger
1154	Plutarch	On Tranquility of Mind
1155	Plutarch	On Brotherly Love
1156	Plutarch	On Affection for Offspring
1157	Plutarch	Whether Vice Be Sufficient to Cause Unhappiness
1158	Plutarch	Whether the Affections of the Soul are Worse Than Those of the Body
1159	Plutarch	On Talkativeness
1160	Plutarch	On Being a Busybody
1161	Plutarch	On Love of Wealth
1162	Plutarch	On False Shame
1163	Plutarch	On Envy and Hate
1164	Plutarch	On Praising Oneself Inoffensively
1165	Plutarch	On the Delays of the Divine Vengeance
1166	Plutarch	On Fate
1167	Plutarch	On the Sign of Socrates
1168	Plutarch	On Exile
1169	Plutarch	Consolation to His Wife
1170	Plutarch	Table Talk
1171	Plutarch	Dialogue on Love
1172	Plutarch	Love Stories
1173	Plutarch	To an Uneducated Ruler
1174	Plutarch	That a Philosopher Ought to Converse Especially With Men in Power
1175	Plutarch	Whether an Old Man Should Engage in Public Affairs
1176	Plutarch	Political Precepts
1177	Plutarch	On Monarchy, Democracy, and Oligarchy
1178	Plutarch	That We Ought Not to Borrow
1179	Plutarch	Lives of the Ten Orators
1180	Plutarch	Summary of a Comparison of Aristophanes and Menander
1181	Plutarch	On the Malice of Herodotus
1182	Plutarch	Physical Causes
1183	Plutarch	On the Face Which Appears in the Orb of the Moon
1184	Plutarch	On the Principle of Cold
1185	Plutarch	Whether Fire or Water is More Useful
1186	Plutarch	On the Cleverness of Animals
1187	Plutarch	Whether Land or Sea Animals are Cleverer
1188	Plutarch	On the Eating of Flesh I
1189	Plutarch	On the Eating of Flesh II
1190	Plutarch	Platonic Questions
1191	Plutarch	On the Generation of the Soul in the Timaeus
1192	Plutarch	Summary of the Generation of the Soul in the Timaeus
1193	Plutarch	On the Contradictions of the Stoics
1194	Plutarch	The Stoics Talk More Paradoxically than the Poets
1195	Plutarch	Against the Stoics on Common Conceptions
1196	Plutarch	That Epicurus Actually Makes a Pleasant Life Impossible
1197	Plutarch	Reply to Colotes
1198	Plutarch	Is "Live Unknown" a Wise Precept?
1203	Polycarp	Letter to the Philippians
1205	Pseudo-Apollodorus	Library
1206	Pseudo-Apollodorus	Library
1211	Rufus	On the Names of the Parts of the Human Body
1212	Rufus	On the Parts of the Human Body
1213	Rufus	On Bones
1224	Achilles Tatius	Leucippe and Clitophon
1230	Acts of Paul	Martyrdom of Paul
1231	Acts of Paul	Acts of Paul and Thecla
1232	Acts of Paul	Acts of Paul and Thecla
1235	Aelius Aristides	To Zeus
1236	Aelius Aristides	Athena
1237	Aelius Aristides	Isthmian Oration to Poseidon
1238	Aelius Aristides	Dionysus
1239	Aelius Aristides	Heracles
1240	Aelius Aristides	Address to Asclepius
1241	Aelius Aristides	The Sons of Asclepius
1242	Aelius Aristides	To Sarapis
1243	Aelius Aristides	To the King
1244	Aelius Aristides	Birthday Address to Apellas
1245	Aelius Aristides	Funeral Oration for Eteoneus
1246	Aelius Aristides	Funeral Oration for Alexander
1247	Aelius Aristides	Panathenaic Oration
1248	Aelius Aristides	Roman Oration
1249	Aelius Aristides	Political Speech Concerning Smyrna
1250	Aelius Aristides	Festival Oration in Cyzicus about the Temple
1251	Aelius Aristides	Regarding the Aegean Sea
1252	Aelius Aristides	Regarding the Well of Asclepius
1253	Aelius Aristides	Eleusinian Oration
1254	Aelius Aristides	Monody for Smyrna
1255	Aelius Aristides	Palinode for Smyrna and its Rebuilding
1256	Aelius Aristides	Address to Smyrna
1257	Aelius Aristides	Sacred Tales 1
1258	Aelius Aristides	Sacred Tales 2
1259	Aelius Aristides	Sacred Tales 3
1260	Aelius Aristides	Sacred Tales 4
1261	Aelius Aristides	Sacred Tales 5
1262	Aelius Aristides	Sacred Tales 6
1263	Aelius Aristides	On Sending Aid to Sicily
1264	Aelius Aristides	To the Contrary
1265	Aelius Aristides	For the Peace with Sparta
1266	Aelius Aristides	For the Peace with Athens
1267	Aelius Aristides	Leuctrian Oration 1
1268	Aelius Aristides	Leuctrian Oration 2
1269	Aelius Aristides	Leuctrian Oration 3
1270	Aelius Aristides	Leuctrian Oration 4
1271	Aelius Aristides	Leuctrian Oration 5
1272	Aelius Aristides	On the Alliance 1
1273	Aelius Aristides	On the Alliance 2
1274	Aelius Aristides	Speech Advising That Comedy Should Not Be Allowed
1275	Aelius Aristides	Letter Concerning Smyrna
1276	Aelius Aristides	To the Cities on Harmony
1277	Aelius Aristides	Rhodian Oration
1278	Aelius Aristides	To the Rhodians on Harmony
1279	Aelius Aristides	Against Plato in Defense of Rhetoric
1280	Aelius Aristides	Against Plato in Defense of the Four
1281	Aelius Aristides	To Capito
1282	Aelius Aristides	Egyptian Discourse
1283	Aelius Aristides	On the Extemporaneous Addition
1284	Aelius Aristides	Against Those Who Burlesque the Mysteries
1285	Aelius Aristides	To Those Who Criticize Him for Not Declaiming
1286	Aelius Aristides	Embassy Speech to Achilles
1287	Aelius Aristides	Against Demosthenes on Immunity
1288	Aelius Aristides	Against Leptines in Defense of Immunity
1289	Aelius Aristides	Festival Speech on the Water in Pergamum
1290	Aelius Aristides	Art of Rhetoric
1298	Anonymous On Egyptian Plants	Fragment
1307	Apollonius Dyscolus	On Pronouns
1308	Apollonius Dyscolus	On Adverbs
1309	Apollonius Dyscolus	On Conjunctions
1310	Apollonius Dyscolus	On Syntax
1311	Aretaeus	On the Causes and Symptoms of Acute Diseases
1312	Aretaeus	On the Causes and Symptoms of Chronic Diseases
1313	Aretaeus	On the Treatment of Acute Diseases
1314	Aretaeus	On the Treatment of Chronic Diseases
1315	Aristodemus	Fragments
1316	Artemidorus	The Interpretation of Dreams
1318	Athenagoras	Embassy for the Christians
1319	Athenagoras	On the Resurrection of the Dead
1320	Valerius Babrius	Aesopic Fables in Verse
1322	Contest of Homer and Hesiod	Contest of Homer and Hesiod
1323	Chariton	Chaereas and Callirhoe
1334	Cleomedes	On the Circular Motion of the Heavenly Bodies
1335	Cleonides	Introduction to Harmonics
1337	Teaching of the Twelve Apostles	Teaching of the Twelve Apostles
1343	Letter to Diognetus	Letter to Diognetus
1345	Epitaph of Abercius	Epitaph
1359	Marcus Cornelius Fronto	To Marcus Caesar and Reply
1360	Marcus Cornelius Fronto	To Marcus Caesar and Reply
1361	Marcus Cornelius Fronto	To Friends
1362	Marcus Cornelius Fronto	Additional Headless Letters
1363	Marcus Cornelius Fronto	Epigrams
1364	Galen	Exhortation to Study the Arts
1365	Galen	On the Best Teaching
1366	Galen	That the Best Physician is Also a Philosopher
1367	Galen	On Medical Sects
1369	Galen	On the Constitution of the Art of Medicine
1370	Galen	The Art of Medicine
1371	Galen	On the Elements According to Hippocrates
1372	Galen	On Temperaments
1373	Galen	On Natural Faculties
1374	Galen	On Anatomical Procedures
1375	Galen	On Bones for Beginners
1376	Galen	On the Dissection of Veins and Arteries
1377	Galen	On the Dissection of Nerves
1378	Galen	On the Organ of Smell
1379	Galen	On the Dissection of the Uterus
1380	Galen	On the Use of Parts
1381	Galen	On the Motion of Muscles
1382	Galen	On the Thinning Diet
1383	Galen	On the Uses of Breathing
1384	Galen	On Semen
1385	Galen	On the Formation of the Fetus
1386	Galen	Whether Blood is Naturally Contained in the Arteries
1387	Galen	On the Best Constitution of Our Body
1388	Galen	On Good Condition
1390	Galen	That the Faculties of the Soul Follow the Temperaments of the Body
1391	Galen	On the Diagnosis and Cure of the Soul's Errors
1392	Galen	On the Diagnosis and Cure of the Soul's Passions
1393	Galen	On Black Bile
1394	Galen	On the Use of the Pulse
1395	Galen	On the Doctrines of Hippocrates and Plato
1397	Galen	Exercise with the Small Ball
1398	Galen	On Matters Relating to Sex
1399	Galen	On the Preservation of Health
1401	Galen	On Foods Good and Bad
1402	Galen	On Barley Soup
1403	Galen	On Diagnosis from Dreams
1404	Galen	On the Differences of Diseases
1405	Galen	On the Causes of Disease
1406	Galen	On the Differences of Symptoms
1407	Galen	On the Causes of Symptoms
1408	Galen	On Different Types of Fever
1409	Galen	On the Times of Disease
1410	Galen	On the Total Time of Disease
1411	Galen	On Types
1412	Galen	Against Those Who Have Written on Types
1413	Galen	On Fullness
1414	Galen	On Tremor, Palpitation, Convulsion and Rigor
1415	Galen	On Coma According to Hippocrates
1416	Galen	On Marasmus
1417	Galen	On Tumors Against Nature
1418	Galen	On Uneven Bad Temperature
1419	Galen	On Difficulty of Breathing
1420	Galen	On Affected Parts
1421	Galen	On Pulses for Beginners
1422	Galen	On the Different Types of Pulse
1423	Galen	On Diagnosis by Pulses
1424	Galen	On the Causes of Pulses
1425	Galen	On Prognosis from Pulses
1426	Galen	Synopsis of His Books on Pulses
1427	Galen	On Crises
1428	Galen	On Critical Days
1429	Galen	Method of Medicine
1430	Galen	To Glaucon on Method of Therapy
1431	Galen	On Venesection Against Erasistratus
1432	Galen	On Venesection Against the Erasistrateans at Rome
1433	Galen	On Treatment by Venesection
1434	Galen	On Leeches, Revulsion, Cupping, Incision and Scarification
1435	Galen	On the Power of Purgative Drugs
1436	Galen	Whom to Purge, with What, and When
1437	Galen	On Advice for an Epileptic Boy
1438	Galen	On the Powers and Mixtures of Simple Drugs
1439	Galen	On the Composition of Drugs According to Places
1440	Galen	On the Composition of Drugs According to Kind
1441	Galen	On Antidotes
1442	Galen	On Theriac to Piso
1444	Galen	Introduction to Logic
1445	Galen	On Fallacies in Speech
1446	Galen	On Prognosis
1447	Galen	Fragment on the Substance of Natural Faculties
1448	Galen	Commentary on Hippocrates' On the Nature of Man
1449	Galen	Commentary on Hippocrates' On Healthy Diet
1450	Galen	Commentary on Hippocrates' Regimen in Acute Diseases
1452	Galen	Commentary on Hippocrates' Epidemics 1
1455	Galen	Commentary on Hippocrates' Aphorisms
1456	Galen	Against Lycus
1457	Galen	Against Julian's Commentary on Hippocrates' Aphorisms
1458	Galen	Commentary on Hippocrates' On Joints
1459	Galen	On Types of Dislocation of the Shoulder Not Described by Hippocrates
1460	Galen	Commentary on Hippocrates' Prognostic
1461	Galen	Commentary on Hippocrates' On Fractures
1462	Galen	Commentary on Hippocrates' Surgery
1463	Galen	On the Dissection of Muscles for Beginners
1464	Galen	On Habits
1468	Galen	On Medical Experience
1469	Galen	That Qualities are Incorporeal
1470	Galen	On the Causes of Breathing
1479	Hermas	The Shepherd
1485	Aelius Herodian and Pseudo-Herodian	On Doubtful Syllables
1533	Joseph and Aseneth	The Confession and Prayer of Aseneth
1544	Longus	Daphnis and Chloe
1545	Lucian	Phalaris
1546	Lucian	Hippias
1547	Lucian	Bacchus
1548	Lucian	Heracles
1549	Lucian	Amber
1550	Lucian	Praise of the Fly
1551	Lucian	Nigrinus
1552	Lucian	Demonax
1553	Lucian	On the Hall
1554	Lucian	Praise of the Fatherland
1555	Lucian	Long Lives
1556	Lucian	True Histories
1557	Lucian	Against Slander
1558	Lucian	The Consonants at Law
1559	Lucian	Symposium
1560	Lucian	Journey to the Underworld
1561	Lucian	Zeus Confuted
1562	Lucian	Zeus Rants
1563	Lucian	The Dream, or The Cock
1564	Lucian	Prometheus
1565	Lucian	Icaromenippus
1566	Lucian	Timon
1567	Lucian	Charon, or The Observers
1568	Lucian	The Sale of Lives
1569	Lucian	The Dead Come to Life, or The Fisherman
1570	Lucian	Double Indictment
1571	Lucian	On Sacrifices
1572	Lucian	Against an Ignorant Book Collector
1573	Lucian	The Dream, or Lucian's Career
1574	Lucian	The Parasite
1575	Lucian	The Lover of Lies
1576	Lucian	The Judgment of the Goddesses
1577	Lucian	On Salaried Posts in Great Houses
1578	Lucian	Anacharsis
1579	Lucian	Menippus, or The Descent into Hades
1580	Lucian	On Funerals
1581	Lucian	The Teacher of Rhetoric
1582	Lucian	Alexander the False Prophet
1583	Lucian	Essays in Portraiture
1584	Lucian	Essays in Portraiture Defended
1585	Lucian	The Syrian Goddess
1586	Lucian	The Death of Peregrinus
1587	Lucian	The Runaways
1588	Lucian	Toxaris, or Friendship
1589	Lucian	The Dance
1590	Lucian	Lexiphanes
1591	Lucian	The Eunuch
1592	Lucian	On Astrology
1593	Lucian	The Mistaken Critic
1594	Lucian	Parliament of the Gods
1595	Lucian	The Tyrannicide
1596	Lucian	The Disinherited
1597	Lucian	How to Write History
1598	Lucian	The Dipsads
1599	Lucian	The Saturnalia
1600	Lucian	Herodotus
1601	Lucian	Zeuxis
1602	Lucian	A Slip of the Tongue in Greeting
1603	Lucian	Apology
1604	Lucian	Harmonides
1605	Lucian	Hesiod
1606	Lucian	The Scythian
1607	Lucian	Hermotimus
1608	Lucian	Prometheus in Words
1609	Lucian	The Ship
1610	Lucian	Dialogues of the Dead
1611	Lucian	Dialogues of the Sea-Gods
1612	Lucian	Dialogues of the Gods
1613	Lucian	Dialogues of the Courtesans
1614	Lucian	The Ignorant Book Collector
1615	Lucian	Gout
1618	Marcus Aurelius	Meditations
1621	Maximus	Dissertations
1622	Maximus the Astrologer	On Beginnings
1623	Maximus the Astrologer	On Beginnings
1626	Mesomedes	Epigrams
1628	Nicomachus	Introduction to Arithmetic
1629	Nicomachus	Manual of Harmonics
1631	Nicomachus	Excerpts
1632	Nicomachus	Arithmetic Problems
1633	Oppian	On Fishing
1634	Chaldean Oracles	Oracles
1637	Paralipomena of Jeremiah	Paralipomena of Jeremiah
1638	Pausanias	Description of Greece
1640	Philumenus	On Poisonous Animals and Their Remedies
1643	Phrynichus	Preparation for Sophistry
1644	Phrynichus	Selection of Attic Words
1645	Julius Pollux	Dictionary
1646	Polyaenus	Stratagems
1650	Protevangelium of James	Protevangelium of James
1651	Pseudo-Clement	Second Letter to the Corinthians
1653	Pseudo-Demetrius	On Style
1654	Pseudo-Lucian	The Ass
1656	Pseudo-Lucian	Epigram
1657	Pseudo-Lucian	Epigrams
1659	Rufus	Art of Rhetoric
1660	Septuagint	2 Esdras
1661	Tatian	Address to the Greeks
1664	Theon	On the Usefulness of Mathematics
1665	Theophilus	To Autolycus
1670	Zenobius the Sophist	Epitome of the Collections of Lucillus Tarrhaeus and Didymus
1673	Acts of Justin and Companions	Acts of Justin and Companions
1675	Acts of the Scillitan Martyrs	Acts of the Scillitan Martyrs
1676	Claudius Aelian	On the Nature of Animals
1677	Claudius Aelian	Various History
1678	Claudius Aelian	Letters from the Country
1680	Alexander	On Mixture
1689	Alexander	Supplement to On the Soul
1690	Alexander	Problems and Solutions
1697	Anonymous Letter to Avircius Marcellus	Against the Cataphrygians
1698	Athenaeus	The Learned Banqueters
1699	Athenaeus	Epigram
1700	Cassius Dio	Roman History
1702	Clement of Alexandria	Exhortation to the Greeks
1703	Clement of Alexandria	The Instructor
1704	Clement of Alexandria	Hymn to Christ the Savior
1705	Clement of Alexandria	Miscellanies
1706	Clement of Alexandria	Prophetic Extracts
1707	Clement of Alexandria	Who is the Rich Man That Shall Be Saved?
1708	Clement of Alexandria	Excerpts from Theodotus
1709	Clement of Alexandria	Fragments
1715	Hermogenes	Preliminary Exercises
1716	Hermogenes	On Issues
1717	Hermogenes	On Invention
1718	Hermogenes	On Types of Style
1719	Hermogenes	On Method of Forcefulness
1720	Herodian	History of the Empire from the Death of Marcus
1725	Oppian	On Hunting
1726	Origen	Against Celsus
1728	Origen	Commentary on John
1729	Origen	Fragments on John
1730	Origen	Exhortation to Martyrdom
1731	Origen	On Prayer
1732	Origen	Homilies on Jeremiah
1733	Origen	Fragments on Jeremiah
1734	Origen	Fragments on Lamentations
1735	Origen	Fragment on Lamentations
1736	Origen	On the Witch of Endor
1737	Origen	Fragments on 1 Kings
1738	Origen	Fragment on 1 Kings
1739	Origen	Homilies on Luke
1740	Origen	Dialogue with Heraclides
1742	Origen	Philocalia
1743	Origen	Homilies on Genesis
1744	Origen	Homilies on Exodus
1745	Origen	Homilies on Leviticus
1746	Origen	Homilies on Joshua
1747	Origen	Commentary on the Song of Songs
1748	Origen	Homilies on Ezekiel
1749	Origen	Commentary on Matthew
1750	Origen	Commentary on Matthew
1751	Origen	Commentary on Matthew
1752	Origen	Letter to Gregory Thaumaturgus
1754	Origen	Letter to an Unknown Person
1758	Origen	Letter to Africanus
1759	Origen	On the Resurrection
1760	Origen	Commentary on Genesis
1761	Origen	Selected Comments on Genesis
1762	Origen	Fragments from Commentary on Exodus
1763	Origen	Selected Comments on Exodus
1764	Origen	Selected Comments on Leviticus
1765	Origen	Selected Comments on Numbers
1766	Origen	Selected Comments on Deuteronomy
1767	Origen	Selected Comments on Joshua
1768	Origen	Selected Comments on Judges
1769	Origen	On Ruth
1770	Origen	Homilies on Job
1772	Origen	Fragments from Commentary on Proverbs
1773	Origen	On the Song of Songs
1774	Origen	Fragments from Commentary on Ezekiel
1775	Origen	Selected Comments on Ezekiel
1776	Origen	Fragment from Commentary on Hosea
1777	Origen	Fragment from Homilies on Acts
1778	Origen	Homilies on Hebrews
1779	Origen	Notes on Genesis
1780	Origen	Notes on Exodus
1781	Origen	Notes on Leviticus
1782	Origen	Notes on Numbers
1783	Origen	Notes on Deuteronomy
1784	Origen	Notes on Joshua
1785	Origen	Notes on Judges
1786	Origen	Homilies on Job
1787	Origen	Excerpts on Psalms
1788	Origen	Commentary on Proverbs
1789	Origen	Notes on Song of Songs
1790	Origen	Notes on Matthew
1791	Origen	Notes on Luke
1792	Origen	Commentary on John
1793	Origen	Homilies on Job
1795	Philostratus	Life of Apollonius
1796	Philostratus	Lives of the Sophists
1797	Philostratus	Heroicus
1798	Philostratus	Nero
1799	Philostratus	Letters and Dialogues
1800	Philostratus	On Athletics
1801	Philostratus	Epigram
1802	Philostratus the Elder	Imagines
1803	Pseudo-Plutarch	On Music
1804	Elders in Irenaeus	Fragments of Several Anonymous Authors
1807	Sentences of Sextus	Sentences of Sextus
1808	Sextus Empiricus	Outlines of Pyrrhonism
1810	Testament of Job	Testament of Job
1811	Xenophon of Ephesus	Ephesian Story
1819	Agathemerus	Sketch of Geography
1828	Corpus Hermeticum	Poimandres
1829	Corpus Hermeticum	Dialogue
1830	Corpus Hermeticum	Sacred Discourse
1831	Corpus Hermeticum	To Tat: The Mixing Bowl or Unity
1832	Corpus Hermeticum	To His Son Tat: That the Invisible God is Most Manifest
1833	Corpus Hermeticum	That the Good Exists in God Alone and Nowhere Else
1834	Corpus Hermeticum	That Ignorance of God is the Greatest Evil Among Men
1835	Corpus Hermeticum	That Nothing is Lost, and that Change is Mistakenly Called Death and Destruction
1836	Corpus Hermeticum	On Thought and Sense
1837	Corpus Hermeticum	The Key
1838	Corpus Hermeticum	Mind to Hermes
1839	Corpus Hermeticum	On the Common Mind to Tat
1840	Corpus Hermeticum	The Secret Discourse on the Mountain to His Son Tat: On Rebirth and the Promise of Silence
1845	Diogenes Laertius	Lives of Eminent Philosophers
1846	Diogenes Laertius	Epigrams
1857	Gregory Thaumaturgus	Canonical Letter
1868	Heliodorus	Ethiopian Story
1869	Heliodorus	Epigrams
1920	Hippolytus	Refutation of All Heresies
1921	Cassius Longinus	Art of Rhetoric
1922	Cassius Longinus	Excerpts
1923	Manetho	Astrological Influences
1924	Life of Saint Marinus	Martyrdom of Marinus
1925	Lives of Saints Perpetua and Felicitas	Passion of Perpetua and Felicitas
1926	Lives of Saints Potamiaena and Basilides	Martyrdom of Potamiaena and Basilides
1928	Palatine Paradoxographer	Marvels
1930	Periplus of the Great Sea	Measurement and Periplus of the Great Sea
1931	Philostratus the Younger	Imagines
1932	Plotinus	Enneads
1933	Porphyry	Life of Plotinus
1934	Porphyry	Life of Pythagoras
1935	Porphyry	On Abstinence from Animal Food
1936	Porphyry	On the Cave of the Nymphs
1937	Porphyry	Letter to Marcella
1938	Porphyry	Introduction or Five Voices
1940	Porphyry	Starting-points Leading to the Intelligibles
1954	Porphyry	Introduction to Ptolemy's Tetrabiblos
1960	Quintus	Posthomerica
1961	Testament of Solomon	Testament of Solomon
1962	Testament of Solomon	Testament of Solomon
1968	Valerius Apsines	Art of Rhetoric
1969	Valerius Apsines	On Figured Problems
1970	Alypius	Introduction to Music
1971	Apocalypse of Sedrach	Apocalypse of Sedrach
1972	Bacchius the Elder	Introduction to the Art of Music
1975	Gaudentius	Introduction to Harmonics
1976	History of Alexander the Great	Version A or Ancient Version
1978	Iamblichus	Protreptic
1984	Menander	Division of Epideictic Speeches
1985	Menander	On Epideictic Speeches
1986	Methodius	Symposium or Banquet of the Ten Virgins
1987	Methodius	On Free Will
1988	Methodius	On Created Things (Fragments in Photius, Library Code 235)
1991	Phileas	Letter to the People of Thmouis
1993	Pseudo-Plutarch	On Rivers
1994	Pseudo-Plutarch	Opinions of the Philosophers
1996	Triphiodorus	The Taking of Ilios
2065	Aesop and Aesopica	Fables
2066	Aesop and Aesopica	Fables
2068	Emperor Julian	Praise of the Emperor Constantius
2069	Paeanius	Abridgment from the Founding of the City
2070	Procopius	On the Wars
2071	Ignatius	Seven Genuine Letters
2072	Life of Saint Polycarp	Letter of the Church of Smyrna on the Martyrdom of Saint Polycarp
